12-03-2020,Bronx,New York,36005,518,518
12-03-2020,Brooklyn,New York,36047,820,820
12-03-2020,Manhattan,New York,36061,440,440
12-03-2020,Queens,New York,36081,764,764
12-03-2020,Staten Island,New York,36085,335,335
04-24-2020,Bronx,New York,36005,580,580
04-24-2020,Brooklyn,New York,36047,629,629
04-24-2020,Manhattan,New York,36061,408,408
04-24-2020,Queens,New York,36081,775,775
04-24-2020,Staten Island,New York,36085,143,143
09-02-2020,Bronx,New York,36005,42,42
09-02-2020,Brooklyn,New York,36047,94,94
09-02-2020,Manhattan,New York,36061,48,48
09-02-2020,Queens,New York,36081,69,69
09-02-2020,Staten Island,New York,36085,17,17
05-03-2020,Bronx,New York,36005,153,153
05-03-2020,Brooklyn,New York,36047,247,247
05-03-2020,Manhattan,New York,36061,103,103
05-03-2020,Queens,New York,36081,248,248
05-03-2020,Staten Island,New York,36085,35,35
05-13-2020,Bronx,New York,36005,461,461
05-13-2020,Brooklyn,New York,36047,362,362
05-13-2020,Manhattan,New York,36061,157,157
05-13-2020,Queens,New York,36081,307,307
05-13-2020,Staten Island,New York,36085,47,47
07-25-2020,Bronx,New York,36005,25,25
07-25-2020,Brooklyn,New York,36047,35,35
07-25-2020,Manhattan,New York,36061,34,34
07-25-2020,Queens,New York,36081,46,46
07-25-2020,Staten Island,New York,36085,13,13
11-26-2020,Bronx,New York,36005,136,136
11-26-2020,Brooklyn,New York,36047,242,242
11-26-2020,Manhattan,New York,36061,136,136
11-26-2020,Queens,New York,36081,199,199
11-26-2020,Staten Island,New York,36085,91,91
06-28-2020,Bronx,New York,36005,35,35
06-28-2020,Brooklyn,New York,36047,58,58
06-28-2020,Manhattan,New York,36061,41,41
06-28-2020,Queens,New York,36081,57,57
06-28-2020,Staten Island,New York,36085,11,11
05-08-2020,Bronx,New York,36005,252,252
05-08-2020,Brooklyn,New York,36047,344,344
05-08-2020,Manhattan,New York,36061,99,99
05-08-2020,Queens,New York,36081,345,345
05-08-2020,Staten Island,New York,36085,42,42
03-13-2020,Bronx,New York,36005,79,79
03-13-2020,Brooklyn,New York,36047,166,166
03-13-2020,Manhattan,New York,36061,182,182
03-13-2020,Queens,New York,36081,166,166
03-13-2020,Staten Island,New York,36085,26,26
03-19-2020,Bronx,New York,36005,623,623
03-19-2020,Brooklyn,New York,36047,1204,1204
03-19-2020,Manhattan,New York,36061,556,556
03-19-2020,Queens,New York,36081,1065,1065
03-19-2020,Staten Island,New York,36085,258,258
07-18-2020,Bronx,New York,36005,54,54
07-18-2020,Brooklyn,New York,36047,58,58
07-18-2020,Manhattan,New York,36061,36,36
07-18-2020,Queens,New York,36081,49,49
07-18-2020,Staten Island,New York,36085,19,19
09-08-2020,Bronx,New York,36005,81,81
09-08-2020,Brooklyn,New York,36047,128,128
09-08-2020,Manhattan,New York,36061,58,58
09-08-2020,Queens,New York,36081,97,97
09-08-2020,Staten Island,New York,36085,30,30
12-14-2020,Bronx,New York,36005,612,612
12-14-2020,Brooklyn,New York,36047,1105,1105
12-14-2020,Manhattan,New York,36061,499,499
12-14-2020,Queens,New York,36081,1000,1000
12-14-2020,Staten Island,New York,36085,350,350
05-12-2020,Bronx,New York,36005,355,355
05-12-2020,Brooklyn,New York,36047,400,400
05-12-2020,Manhattan,New York,36061,163,163
05-12-2020,Queens,New York,36081,314,314
05-12-2020,Staten Island,New York,36085,53,53
06-18-2020,Bronx,New York,36005,60,60
06-18-2020,Brooklyn,New York,36047,112,112
06-18-2020,Manhattan,New York,36061,58,58
06-18-2020,Queens,New York,36081,123,123
06-18-2020,Staten Island,New York,36085,25,25
12-16-2020,Bronx,New York,36005,439,439
12-16-2020,Brooklyn,New York,36047,841,841
12-16-2020,Manhattan,New York,36061,454,454
12-16-2020,Queens,New York,36081,808,808
12-16-2020,Staten Island,New York,36085,239,239
03-29-2020,Bronx,New York,36005,700,700
03-29-2020,Brooklyn,New York,36047,1149,1149
03-29-2020,Manhattan,New York,36061,407,407
03-29-2020,Queens,New York,36081,1076,1076
03-29-2020,Staten Island,New York,36085,230,230
08-21-2020,Bronx,New York,36005,52,52
08-21-2020,Brooklyn,New York,36047,75,75
08-21-2020,Manhattan,New York,36061,51,51
08-21-2020,Queens,New York,36081,60,60
08-21-2020,Staten Island,New York,36085,14,14
01-08-2021,Bronx,New York,36005,957,957
01-08-2021,Brooklyn,New York,36047,1431,1431
01-08-2021,Manhattan,New York,36061,751,751
01-08-2021,Queens,New York,36081,1550,1550
01-08-2021,Staten Island,New York,36085,474,474
08-06-2020,Bronx,New York,36005,65,65
08-06-2020,Brooklyn,New York,36047,87,87
08-06-2020,Manhattan,New York,36061,54,54
08-06-2020,Queens,New York,36081,65,65
08-06-2020,Staten Island,New York,36085,18,18
04-16-2020,Bronx,New York,36005,940,940
04-16-2020,Brooklyn,New York,36047,884,884
04-16-2020,Manhattan,New York,36061,356,356
04-16-2020,Queens,New York,36081,1140,1140
04-16-2020,Staten Island,New York,36085,210,210
05-10-2020,Bronx,New York,36005,75,75
05-10-2020,Brooklyn,New York,36047,188,188
05-10-2020,Manhattan,New York,36061,95,95
05-10-2020,Queens,New York,36081,85,85
05-10-2020,Staten Island,New York,36085,14,14
09-24-2020,Bronx,New York,36005,63,63
09-24-2020,Brooklyn,New York,36047,234,234
09-24-2020,Manhattan,New York,36061,58,58
09-24-2020,Queens,New York,36081,91,91
09-24-2020,Staten Island,New York,36085,26,26
04-07-2020,Bronx,New York,36005,1464,1464
04-07-2020,Brooklyn,New York,36047,1396,1396
04-07-2020,Manhattan,New York,36061,605,605
04-07-2020,Queens,New York,36081,1948,1948
04-07-2020,Staten Island,New York,36085,630,630
12-26-2020,Bronx,New York,36005,532,532
12-26-2020,Brooklyn,New York,36047,1016,1016
12-26-2020,Manhattan,New York,36061,427,427
12-26-2020,Queens,New York,36081,1064,1064
12-26-2020,Staten Island,New York,36085,392,392
03-30-2020,Bronx,New York,36005,1313,1313
03-30-2020,Brooklyn,New York,36047,1754,1754
03-30-2020,Manhattan,New York,36061,807,807
03-30-2020,Queens,New York,36081,1856,1856
03-30-2020,Staten Island,New York,36085,398,398
06-13-2020,Bronx,New York,36005,46,46
06-13-2020,Brooklyn,New York,36047,52,52
06-13-2020,Manhattan,New York,36061,24,24
06-13-2020,Queens,New York,36081,73,73
06-13-2020,Staten Island,New York,36085,2,2
07-17-2020,Bronx,New York,36005,75,75
07-17-2020,Brooklyn,New York,36047,105,105
07-17-2020,Manhattan,New York,36061,109,109
07-17-2020,Queens,New York,36081,105,105
07-17-2020,Staten Island,New York,36085,23,23
10-07-2020,Bronx,New York,36005,75,75
10-07-2020,Brooklyn,New York,36047,223,223
10-07-2020,Manhattan,New York,36061,75,75
10-07-2020,Queens,New York,36081,132,132
10-07-2020,Staten Island,New York,36085,37,37
04-10-2020,Bronx,New York,36005,1228,1228
04-10-2020,Brooklyn,New York,36047,1153,1153
04-10-2020,Manhattan,New York,36061,496,496
04-10-2020,Queens,New York,36081,1334,1334
04-10-2020,Staten Island,New York,36085,300,300
01-03-2021,Bronx,New York,36005,494,494
01-03-2021,Brooklyn,New York,36047,1043,1043
01-03-2021,Manhattan,New York,36061,387,387
01-03-2021,Queens,New York,36081,1085,1085
01-03-2021,Staten Island,New York,36085,394,394
11-04-2020,Bronx,New York,36005,185,185
11-04-2020,Brooklyn,New York,36047,309,309
11-04-2020,Manhattan,New York,36061,200,200
11-04-2020,Queens,New York,36081,276,276
11-04-2020,Staten Island,New York,36085,137,137
08-29-2020,Bronx,New York,36005,28,28
08-29-2020,Brooklyn,New York,36047,38,38
08-29-2020,Manhattan,New York,36061,23,23
08-29-2020,Queens,New York,36081,32,32
08-29-2020,Staten Island,New York,36085,7,7
01-19-2021,Bronx,New York,36005,1021,1021
01-19-2021,Brooklyn,New York,36047,1361,1361
01-19-2021,Manhattan,New York,36061,683,683
01-19-2021,Queens,New York,36081,1413,1413
01-19-2021,Staten Island,New York,36085,309,309
11-18-2020,Bronx,New York,36005,307,307
11-18-2020,Brooklyn,New York,36047,461,461
11-18-2020,Manhattan,New York,36061,333,333
11-18-2020,Queens,New York,36081,442,442
11-18-2020,Staten Island,New York,36085,198,198
08-17-2020,Bronx,New York,36005,71,71
08-17-2020,Brooklyn,New York,36047,96,96
08-17-2020,Manhattan,New York,36061,57,57
08-17-2020,Queens,New York,36081,93,93
08-17-2020,Staten Island,New York,36085,14,14
03-08-2020,Bronx,New York,36005,3,3
03-08-2020,Brooklyn,New York,36047,5,5
03-08-2020,Manhattan,New York,36061,6,6
03-08-2020,Queens,New York,36081,6,6
03-08-2020,Staten Island,New York,36085,1,1
09-16-2020,Bronx,New York,36005,49,49
09-16-2020,Brooklyn,New York,36047,164,164
09-16-2020,Manhattan,New York,36061,55,55
09-16-2020,Queens,New York,36081,82,82
09-16-2020,Staten Island,New York,36085,17,17
07-24-2020,Bronx,New York,36005,73,73
07-24-2020,Brooklyn,New York,36047,68,68
07-24-2020,Manhattan,New York,36061,56,56
07-24-2020,Queens,New York,36081,75,75
07-24-2020,Staten Island,New York,36085,28,28
07-08-2020,Bronx,New York,36005,83,83
07-08-2020,Brooklyn,New York,36047,121,121
07-08-2020,Manhattan,New York,36061,120,120
07-08-2020,Queens,New York,36081,88,88
07-08-2020,Staten Island,New York,36085,25,25
11-17-2020,Bronx,New York,36005,335,335
11-17-2020,Brooklyn,New York,36047,492,492
11-17-2020,Manhattan,New York,36061,285,285
11-17-2020,Queens,New York,36081,423,423
11-17-2020,Staten Island,New York,36085,191,191
12-20-2020,Bronx,New York,36005,291,291
12-20-2020,Brooklyn,New York,36047,767,767
12-20-2020,Manhattan,New York,36061,294,294
12-20-2020,Queens,New York,36081,698,698
12-20-2020,Staten Island,New York,36085,294,294
11-15-2020,Bronx,New York,36005,134,134
11-15-2020,Brooklyn,New York,36047,231,231
11-15-2020,Manhattan,New York,36061,133,133
11-15-2020,Queens,New York,36081,243,243
11-15-2020,Staten Island,New York,36085,153,153
06-21-2020,Bronx,New York,36005,25,25
06-21-2020,Brooklyn,New York,36047,54,54
06-21-2020,Manhattan,New York,36061,26,26
06-21-2020,Queens,New York,36081,58,58
06-21-2020,Staten Island,New York,36085,9,9
03-16-2020,Bronx,New York,36005,305,305
03-16-2020,Brooklyn,New York,36047,740,740
03-16-2020,Manhattan,New York,36061,457,457
03-16-2020,Queens,New York,36081,528,528
03-16-2020,Staten Island,New York,36085,91,91
08-19-2020,Bronx,New York,36005,50,50
08-19-2020,Brooklyn,New York,36047,70,70
08-19-2020,Manhattan,New York,36061,51,51
08-19-2020,Queens,New York,36081,69,69
08-19-2020,Staten Island,New York,36085,18,18
03-21-2020,Bronx,New York,36005,490,490
03-21-2020,Brooklyn,New York,36047,554,554
03-21-2020,Manhattan,New York,36061,398,398
03-21-2020,Queens,New York,36081,947,947
03-21-2020,Staten Island,New York,36085,248,248
11-01-2020,Bronx,New York,36005,56,56
11-01-2020,Brooklyn,New York,36047,230,230
11-01-2020,Manhattan,New York,36061,66,66
11-01-2020,Queens,New York,36081,100,100
11-01-2020,Staten Island,New York,36085,44,44
09-25-2020,Bronx,New York,36005,48,48
09-25-2020,Brooklyn,New York,36047,186,186
09-25-2020,Manhattan,New York,36061,68,68
09-25-2020,Queens,New York,36081,124,124
09-25-2020,Staten Island,New York,36085,28,28
05-23-2020,Bronx,New York,36005,90,90
05-23-2020,Brooklyn,New York,36047,143,143
05-23-2020,Manhattan,New York,36061,49,49
05-23-2020,Queens,New York,36081,137,137
05-23-2020,Staten Island,New York,36085,37,37
06-03-2020,Bronx,New York,36005,113,113
06-03-2020,Brooklyn,New York,36047,133,133
06-03-2020,Manhattan,New York,36061,75,75
06-03-2020,Queens,New York,36081,148,148
06-03-2020,Staten Island,New York,36085,45,45
07-01-2020,Bronx,New York,36005,62,62
07-01-2020,Brooklyn,New York,36047,120,120
07-01-2020,Manhattan,New York,36061,83,83
07-01-2020,Queens,New York,36081,93,93
07-01-2020,Staten Island,New York,36085,39,39
06-09-2020,Bronx,New York,36005,84,84
06-09-2020,Brooklyn,New York,36047,121,121
06-09-2020,Manhattan,New York,36061,67,67
06-09-2020,Queens,New York,36081,130,130
06-09-2020,Staten Island,New York,36085,19,19
07-16-2020,Bronx,New York,36005,95,95
07-16-2020,Brooklyn,New York,36047,90,90
07-16-2020,Manhattan,New York,36061,88,88
07-16-2020,Queens,New York,36081,109,109
07-16-2020,Staten Island,New York,36085,35,35
03-06-2020,Bronx,New York,36005,2,2
03-06-2020,Brooklyn,New York,36047,1,1
03-06-2020,Manhattan,New York,36061,3,3
03-06-2020,Queens,New York,36081,1,1
03-06-2020,Staten Island,New York,36085,1,1
11-03-2020,Bronx,New York,36005,153,153
11-03-2020,Brooklyn,New York,36047,318,318
11-03-2020,Manhattan,New York,36061,155,155
11-03-2020,Queens,New York,36081,179,179
11-03-2020,Staten Island,New York,36085,92,92
05-20-2020,Bronx,New York,36005,278,278
05-20-2020,Brooklyn,New York,36047,323,323
05-20-2020,Manhattan,New York,36061,165,165
05-20-2020,Queens,New York,36081,254,254
05-20-2020,Staten Island,New York,36085,56,56
06-15-2020,Bronx,New York,36005,80,80
06-15-2020,Brooklyn,New York,36047,102,102
06-15-2020,Manhattan,New York,36061,59,59
06-15-2020,Queens,New York,36081,122,122
06-15-2020,Staten Island,New York,36085,18,18
12-05-2020,Bronx,New York,36005,324,324
12-05-2020,Brooklyn,New York,36047,504,504
12-05-2020,Manhattan,New York,36061,204,204
12-05-2020,Queens,New York,36081,594,594
12-05-2020,Staten Island,New York,36085,246,246
06-26-2020,Bronx,New York,36005,66,66
06-26-2020,Brooklyn,New York,36047,94,94
06-26-2020,Manhattan,New York,36061,63,63
06-26-2020,Queens,New York,36081,76,76
06-26-2020,Staten Island,New York,36085,16,16
08-25-2020,Bronx,New York,36005,64,64
08-25-2020,Brooklyn,New York,36047,84,84
08-25-2020,Manhattan,New York,36061,54,54
08-25-2020,Queens,New York,36081,69,69
08-25-2020,Staten Island,New York,36085,12,12
12-07-2020,Bronx,New York,36005,554,554
12-07-2020,Brooklyn,New York,36047,959,959
12-07-2020,Manhattan,New York,36061,453,453
12-07-2020,Queens,New York,36081,966,966
12-07-2020,Staten Island,New York,36085,369,369
07-07-2020,Bronx,New York,36005,112,112
07-07-2020,Brooklyn,New York,36047,124,124
07-07-2020,Manhattan,New York,36061,87,87
07-07-2020,Queens,New York,36081,106,106
07-07-2020,Staten Island,New York,36085,32,32
04-12-2020,Bronx,New York,36005,763,763
04-12-2020,Brooklyn,New York,36047,701,701
04-12-2020,Manhattan,New York,36061,252,252
04-12-2020,Queens,New York,36081,918,918
04-12-2020,Staten Island,New York,36085,253,253
08-20-2020,Bronx,New York,36005,63,63
08-20-2020,Brooklyn,New York,36047,56,56
08-20-2020,Manhattan,New York,36061,33,33
08-20-2020,Queens,New York,36081,54,54
08-20-2020,Staten Island,New York,36085,20,20
06-17-2020,Bronx,New York,36005,68,68
06-17-2020,Brooklyn,New York,36047,114,114
06-17-2020,Manhattan,New York,36061,65,65
06-17-2020,Queens,New York,36081,92,92
06-17-2020,Staten Island,New York,36085,17,17
08-14-2020,Bronx,New York,36005,68,68
08-14-2020,Brooklyn,New York,36047,80,80
08-14-2020,Manhattan,New York,36061,44,44
08-14-2020,Queens,New York,36081,69,69
08-14-2020,Staten Island,New York,36085,16,16
08-31-2020,Bronx,New York,36005,46,46
08-31-2020,Brooklyn,New York,36047,117,117
08-31-2020,Manhattan,New York,36061,51,51
08-31-2020,Queens,New York,36081,77,77
08-31-2020,Staten Island,New York,36085,22,22
12-09-2020,Bronx,New York,36005,531,531
12-09-2020,Brooklyn,New York,36047,907,907
12-09-2020,Manhattan,New York,36061,498,498
12-09-2020,Queens,New York,36081,840,840
12-09-2020,Staten Island,New York,36085,316,316
07-22-2020,Bronx,New York,36005,79,79
07-22-2020,Brooklyn,New York,36047,96,96
07-22-2020,Manhattan,New York,36061,59,59
07-22-2020,Queens,New York,36081,76,76
07-22-2020,Staten Island,New York,36085,20,20
04-22-2020,Bronx,New York,36005,927,927
04-22-2020,Brooklyn,New York,36047,854,854
04-22-2020,Manhattan,New York,36061,383,383
04-22-2020,Queens,New York,36081,1109,1109
04-22-2020,Staten Island,New York,36085,173,173
05-27-2020,Bronx,New York,36005,182,182
05-27-2020,Brooklyn,New York,36047,247,247
05-27-2020,Manhattan,New York,36061,108,108
05-27-2020,Queens,New York,36081,165,165
05-27-2020,Staten Island,New York,36085,43,43
03-01-2020,Bronx,New York,36005,0,0
03-01-2020,Brooklyn,New York,36047,0,0
03-01-2020,Manhattan,New York,36061,0,0
03-01-2020,Queens,New York,36081,0,0
03-01-2020,Staten Island,New York,36085,0,0
09-13-2020,Bronx,New York,36005,19,19
09-13-2020,Brooklyn,New York,36047,114,114
09-13-2020,Manhattan,New York,36061,42,42
09-13-2020,Queens,New York,36081,66,66
09-13-2020,Staten Island,New York,36085,13,13
01-12-2021,Bronx,New York,36005,960,960
01-12-2021,Brooklyn,New York,36047,1538,1538
01-12-2021,Manhattan,New York,36061,642,642
01-12-2021,Queens,New York,36081,1461,1461
01-12-2021,Staten Island,New York,36085,394,394
08-28-2020,Bronx,New York,36005,77,77
08-28-2020,Brooklyn,New York,36047,78,78
08-28-2020,Manhattan,New York,36061,51,51
08-28-2020,Queens,New York,36081,52,52
08-28-2020,Staten Island,New York,36085,21,21
09-23-2020,Bronx,New York,36005,80,80
09-23-2020,Brooklyn,New York,36047,233,233
09-23-2020,Manhattan,New York,36061,73,73
09-23-2020,Queens,New York,36081,104,104
09-23-2020,Staten Island,New York,36085,37,37
03-22-2020,Bronx,New York,36005,494,494
03-22-2020,Brooklyn,New York,36047,755,755
03-22-2020,Manhattan,New York,36061,317,317
03-22-2020,Queens,New York,36081,696,696
03-22-2020,Staten Island,New York,36085,317,317
04-14-2020,Bronx,New York,36005,1076,1076
04-14-2020,Brooklyn,New York,36047,1035,1035
04-14-2020,Manhattan,New York,36061,441,441
04-14-2020,Queens,New York,36081,1302,1302
04-14-2020,Staten Island,New York,36085,290,290
09-04-2020,Bronx,New York,36005,44,44
09-04-2020,Brooklyn,New York,36047,71,71
09-04-2020,Manhattan,New York,36061,30,30
09-04-2020,Queens,New York,36081,59,59
09-04-2020,Staten Island,New York,36085,26,26
03-31-2020,Bronx,New York,36005,1282,1282
03-31-2020,Brooklyn,New York,36047,1513,1513
03-31-2020,Manhattan,New York,36061,617,617
03-31-2020,Queens,New York,36081,1809,1809
03-31-2020,Staten Island,New York,36085,237,237
07-03-2020,Bronx,New York,36005,41,41
07-03-2020,Brooklyn,New York,36047,72,72
07-03-2020,Manhattan,New York,36061,49,49
07-03-2020,Queens,New York,36081,65,65
07-03-2020,Staten Island,New York,36085,8,8
07-31-2020,Bronx,New York,36005,55,55
07-31-2020,Brooklyn,New York,36047,79,79
07-31-2020,Manhattan,New York,36061,52,52
07-31-2020,Queens,New York,36081,58,58
07-31-2020,Staten Island,New York,36085,18,18
06-02-2020,Bronx,New York,36005,121,121
06-02-2020,Brooklyn,New York,36047,184,184
06-02-2020,Manhattan,New York,36061,71,71
06-02-2020,Queens,New York,36081,163,163
06-02-2020,Staten Island,New York,36085,34,34
11-14-2020,Bronx,New York,36005,193,193
11-14-2020,Brooklyn,New York,36047,238,238
11-14-2020,Manhattan,New York,36061,160,160
11-14-2020,Queens,New York,36081,324,324
11-14-2020,Staten Island,New York,36085,112,112
11-20-2020,Bronx,New York,36005,328,328
11-20-2020,Brooklyn,New York,36047,433,433
11-20-2020,Manhattan,New York,36061,330,330
11-20-2020,Queens,New York,36081,458,458
11-20-2020,Staten Island,New York,36085,222,222
05-01-2020,Bronx,New York,36005,449,449
05-01-2020,Brooklyn,New York,36047,497,497
05-01-2020,Manhattan,New York,36061,243,243
05-01-2020,Queens,New York,36081,620,620
05-01-2020,Staten Island,New York,36085,78,78
09-17-2020,Bronx,New York,36005,59,59
09-17-2020,Brooklyn,New York,36047,123,123
09-17-2020,Manhattan,New York,36061,54,54
09-17-2020,Queens,New York,36081,93,93
09-17-2020,Staten Island,New York,36085,25,25
11-25-2020,Bronx,New York,36005,422,422
11-25-2020,Brooklyn,New York,36047,626,626
11-25-2020,Manhattan,New York,36061,386,386
11-25-2020,Queens,New York,36081,633,633
11-25-2020,Staten Island,New York,36085,295,295
09-03-2020,Bronx,New York,36005,40,40
09-03-2020,Brooklyn,New York,36047,91,91
09-03-2020,Manhattan,New York,36061,35,35
09-03-2020,Queens,New York,36081,90,90
09-03-2020,Staten Island,New York,36085,17,17
10-11-2020,Bronx,New York,36005,38,38
10-11-2020,Brooklyn,New York,36047,115,115
10-11-2020,Manhattan,New York,36061,29,29
10-11-2020,Queens,New York,36081,85,85
10-11-2020,Staten Island,New York,36085,14,14
12-17-2020,Bronx,New York,36005,260,260
12-17-2020,Brooklyn,New York,36047,645,645
12-17-2020,Manhattan,New York,36061,340,340
12-17-2020,Queens,New York,36081,489,489
12-17-2020,Staten Island,New York,36085,185,185
06-07-2020,Bronx,New York,36005,43,43
06-07-2020,Brooklyn,New York,36047,52,52
06-07-2020,Manhattan,New York,36061,25,25
06-07-2020,Queens,New York,36081,74,74
06-07-2020,Staten Island,New York,36085,4,4
04-13-2020,Bronx,New York,36005,693,693
04-13-2020,Brooklyn,New York,36047,1065,1065
04-13-2020,Manhattan,New York,36061,393,393
04-13-2020,Queens,New York,36081,976,976
04-13-2020,Staten Island,New York,36085,185,185
07-09-2020,Bronx,New York,36005,90,90
07-09-2020,Brooklyn,New York,36047,104,104
07-09-2020,Manhattan,New York,36061,86,86
07-09-2020,Queens,New York,36081,94,94
07-09-2020,Staten Island,New York,36085,18,18
04-06-2020,Bronx,New York,36005,1514,1514
04-06-2020,Brooklyn,New York,36047,1462,1462
04-06-2020,Manhattan,New York,36061,722,722
04-06-2020,Queens,New York,36081,1925,1925
04-06-2020,Staten Island,New York,36085,730,730
09-09-2020,Bronx,New York,36005,56,56
09-09-2020,Brooklyn,New York,36047,119,119
09-09-2020,Manhattan,New York,36061,70,70
09-09-2020,Queens,New York,36081,82,82
09-09-2020,Staten Island,New York,36085,25,25
03-07-2020,Bronx,New York,36005,0,0
03-07-2020,Brooklyn,New York,36047,2,2
03-07-2020,Manhattan,New York,36061,1,1
03-07-2020,Queens,New York,36081,3,3
03-07-2020,Staten Island,New York,36085,1,1
01-21-2021,Bronx,New York,36005,744,744
01-21-2021,Brooklyn,New York,36047,1072,1072
01-21-2021,Manhattan,New York,36061,571,571
01-21-2021,Queens,New York,36081,1074,1074
01-21-2021,Staten Island,New York,36085,275,275
10-28-2020,Bronx,New York,36005,124,124
10-28-2020,Brooklyn,New York,36047,229,229
10-28-2020,Manhattan,New York,36061,135,135
10-28-2020,Queens,New York,36081,202,202
10-28-2020,Staten Island,New York,36085,90,90
10-10-2020,Bronx,New York,36005,36,36
10-10-2020,Brooklyn,New York,36047,95,95
10-10-2020,Manhattan,New York,36061,45,45
10-10-2020,Queens,New York,36081,98,98
10-10-2020,Staten Island,New York,36085,35,35
04-05-2020,Bronx,New York,36005,823,823
04-05-2020,Brooklyn,New York,36047,1141,1141
04-05-2020,Manhattan,New York,36061,358,358
04-05-2020,Queens,New York,36081,1135,1135
04-05-2020,Staten Island,New York,36085,323,323
06-12-2020,Bronx,New York,36005,80,80
06-12-2020,Brooklyn,New York,36047,123,123
06-12-2020,Manhattan,New York,36061,58,58
06-12-2020,Queens,New York,36081,131,131
06-12-2020,Staten Island,New York,36085,18,18
04-30-2020,Bronx,New York,36005,483,483
04-30-2020,Brooklyn,New York,36047,600,600
04-30-2020,Manhattan,New York,36061,217,217
04-30-2020,Queens,New York,36081,593,593
04-30-2020,Staten Island,New York,36085,130,130
06-27-2020,Bronx,New York,36005,26,26
06-27-2020,Brooklyn,New York,36047,70,70
06-27-2020,Manhattan,New York,36061,37,37
06-27-2020,Queens,New York,36081,60,60
06-27-2020,Staten Island,New York,36085,13,13
03-17-2020,Bronx,New York,36005,343,343
03-17-2020,Brooklyn,New York,36047,783,783
03-17-2020,Manhattan,New York,36061,567,567
03-17-2020,Queens,New York,36081,651,651
03-17-2020,Staten Island,New York,36085,108,108
10-23-2020,Bronx,New York,36005,115,115
10-23-2020,Brooklyn,New York,36047,198,198
10-23-2020,Manhattan,New York,36061,78,78
10-23-2020,Queens,New York,36081,162,162
10-23-2020,Staten Island,New York,36085,48,48
05-31-2020,Bronx,New York,36005,30,30
05-31-2020,Brooklyn,New York,36047,84,84
05-31-2020,Manhattan,New York,36061,25,25
05-31-2020,Queens,New York,36081,79,79
05-31-2020,Staten Island,New York,36085,12,12
01-02-2021,Bronx,New York,36005,711,711
01-02-2021,Brooklyn,New York,36047,1085,1085
01-02-2021,Manhattan,New York,36061,510,510
01-02-2021,Queens,New York,36081,1318,1318
01-02-2021,Staten Island,New York,36085,506,506
10-09-2020,Bronx,New York,36005,92,92
10-09-2020,Brooklyn,New York,36047,183,183
10-09-2020,Manhattan,New York,36061,74,74
10-09-2020,Queens,New York,36081,146,146
10-09-2020,Staten Island,New York,36085,30,30
06-16-2020,Bronx,New York,36005,80,80
06-16-2020,Brooklyn,New York,36047,133,133
06-16-2020,Manhattan,New York,36061,67,67
06-16-2020,Queens,New York,36081,120,120
06-16-2020,Staten Island,New York,36085,20,20
08-01-2020,Bronx,New York,36005,37,37
08-01-2020,Brooklyn,New York,36047,58,58
08-01-2020,Manhattan,New York,36061,33,33
08-01-2020,Queens,New York,36081,54,54
08-01-2020,Staten Island,New York,36085,7,7
08-26-2020,Bronx,New York,36005,64,64
08-26-2020,Brooklyn,New York,36047,116,116
08-26-2020,Manhattan,New York,36061,51,51
08-26-2020,Queens,New York,36081,66,66
08-26-2020,Staten Island,New York,36085,16,16
10-14-2020,Bronx,New York,36005,89,89
10-14-2020,Brooklyn,New York,36047,211,211
10-14-2020,Manhattan,New York,36061,84,84
10-14-2020,Queens,New York,36081,160,160
10-14-2020,Staten Island,New York,36085,33,33
04-02-2020,Bronx,New York,36005,1291,1291
04-02-2020,Brooklyn,New York,36047,1613,1613
04-02-2020,Manhattan,New York,36061,652,652
04-02-2020,Queens,New York,36081,1822,1822
04-02-2020,Staten Island,New York,36085,369,369
05-15-2020,Bronx,New York,36005,180,180
05-15-2020,Brooklyn,New York,36047,259,259
05-15-2020,Manhattan,New York,36061,135,135
05-15-2020,Queens,New York,36081,266,266
05-15-2020,Staten Island,New York,36085,33,33
09-07-2020,Bronx,New York,36005,32,32
09-07-2020,Brooklyn,New York,36047,74,74
09-07-2020,Manhattan,New York,36061,41,41
09-07-2020,Queens,New York,36081,52,52
09-07-2020,Staten Island,New York,36085,19,19
03-25-2020,Bronx,New York,36005,1068,1068
03-25-2020,Brooklyn,New York,36047,1254,1254
03-25-2020,Manhattan,New York,36061,587,587
03-25-2020,Queens,New York,36081,1572,1572
03-25-2020,Staten Island,New York,36085,394,394
05-06-2020,Bronx,New York,36005,279,279
05-06-2020,Brooklyn,New York,36047,450,450
05-06-2020,Manhattan,New York,36061,165,165
05-06-2020,Queens,New York,36081,444,444
05-06-2020,Staten Island,New York,36085,60,60
06-24-2020,Bronx,New York,36005,90,90
06-24-2020,Brooklyn,New York,36047,101,101
06-24-2020,Manhattan,New York,36061,73,73
06-24-2020,Queens,New York,36081,103,103
06-24-2020,Staten Island,New York,36085,14,14
07-15-2020,Bronx,New York,36005,107,107
07-15-2020,Brooklyn,New York,36047,149,149
07-15-2020,Manhattan,New York,36061,70,70
07-15-2020,Queens,New York,36081,91,91
07-15-2020,Staten Island,New York,36085,22,22
04-15-2020,Bronx,New York,36005,1069,1069
04-15-2020,Brooklyn,New York,36047,882,882
04-15-2020,Manhattan,New York,36061,429,429
04-15-2020,Queens,New York,36081,1180,1180
04-15-2020,Staten Island,New York,36085,317,317
06-19-2020,Bronx,New York,36005,83,83
06-19-2020,Brooklyn,New York,36047,91,91
06-19-2020,Manhattan,New York,36061,56,56
06-19-2020,Queens,New York,36081,123,123
06-19-2020,Staten Island,New York,36085,9,9
04-11-2020,Bronx,New York,36005,998,998
04-11-2020,Brooklyn,New York,36047,1129,1129
04-11-2020,Manhattan,New York,36061,303,303
04-11-2020,Queens,New York,36081,989,989
04-11-2020,Staten Island,New York,36085,312,312
10-13-2020,Bronx,New York,36005,93,93
10-13-2020,Brooklyn,New York,36047,225,225
10-13-2020,Manhattan,New York,36061,101,101
10-13-2020,Queens,New York,36081,127,127
10-13-2020,Staten Island,New York,36085,45,45
05-14-2020,Bronx,New York,36005,255,255
05-14-2020,Brooklyn,New York,36047,334,334
05-14-2020,Manhattan,New York,36061,149,149
05-14-2020,Queens,New York,36081,331,331
05-14-2020,Staten Island,New York,36085,42,42
10-06-2020,Bronx,New York,36005,67,67
10-06-2020,Brooklyn,New York,36047,249,249
10-06-2020,Manhattan,New York,36061,77,77
10-06-2020,Queens,New York,36081,144,144
10-06-2020,Staten Island,New York,36085,29,29
07-02-2020,Bronx,New York,36005,74,74
07-02-2020,Brooklyn,New York,36047,127,127
07-02-2020,Manhattan,New York,36061,80,80
07-02-2020,Queens,New York,36081,118,118
07-02-2020,Staten Island,New York,36085,17,17
11-30-2020,Bronx,New York,36005,455,455
11-30-2020,Brooklyn,New York,36047,859,859
11-30-2020,Manhattan,New York,36061,390,390
11-30-2020,Queens,New York,36081,714,714
11-30-2020,Staten Island,New York,36085,375,375
09-19-2020,Bronx,New York,36005,30,30
09-19-2020,Brooklyn,New York,36047,36,36
09-19-2020,Manhattan,New York,36061,26,26
09-19-2020,Queens,New York,36081,53,53
09-19-2020,Staten Island,New York,36085,13,13
09-29-2020,Bronx,New York,36005,64,64
09-29-2020,Brooklyn,New York,36047,334,334
09-29-2020,Manhattan,New York,36061,81,81
09-29-2020,Queens,New York,36081,174,174
09-29-2020,Staten Island,New York,36085,33,33
03-24-2020,Bronx,New York,36005,927,927
03-24-2020,Brooklyn,New York,36047,1211,1211
03-24-2020,Manhattan,New York,36061,620,620
03-24-2020,Queens,New York,36081,1393,1393
03-24-2020,Staten Island,New York,36085,350,350
12-29-2020,Bronx,New York,36005,981,981
12-29-2020,Brooklyn,New York,36047,1404,1404
12-29-2020,Manhattan,New York,36061,610,610
12-29-2020,Queens,New York,36081,1592,1592
12-29-2020,Staten Island,New York,36085,584,584
10-19-2020,Bronx,New York,36005,105,105
10-19-2020,Brooklyn,New York,36047,204,204
10-19-2020,Manhattan,New York,36061,101,101
10-19-2020,Queens,New York,36081,177,177
10-19-2020,Staten Island,New York,36085,35,35
09-06-2020,Bronx,New York,36005,18,18
09-06-2020,Brooklyn,New York,36047,87,87
09-06-2020,Manhattan,New York,36061,27,27
09-06-2020,Queens,New York,36081,62,62
09-06-2020,Staten Island,New York,36085,13,13
11-06-2020,Bronx,New York,36005,190,190
11-06-2020,Brooklyn,New York,36047,237,237
11-06-2020,Manhattan,New York,36061,180,180
11-06-2020,Queens,New York,36081,298,298
11-06-2020,Staten Island,New York,36085,129,129
08-18-2020,Bronx,New York,36005,55,55
08-18-2020,Brooklyn,New York,36047,66,66
08-18-2020,Manhattan,New York,36061,62,62
08-18-2020,Queens,New York,36081,87,87
08-18-2020,Staten Island,New York,36085,14,14
12-24-2020,Bronx,New York,36005,493,493
12-24-2020,Brooklyn,New York,36047,964,964
12-24-2020,Manhattan,New York,36061,429,429
12-24-2020,Queens,New York,36081,872,872
12-24-2020,Staten Island,New York,36085,239,239
11-11-2020,Bronx,New York,36005,238,238
11-11-2020,Brooklyn,New York,36047,392,392
11-11-2020,Manhattan,New York,36061,287,287
11-11-2020,Queens,New York,36081,446,446
11-11-2020,Staten Island,New York,36085,168,168
01-07-2021,Bronx,New York,36005,953,953
01-07-2021,Brooklyn,New York,36047,1601,1601
01-07-2021,Manhattan,New York,36061,759,759
01-07-2021,Queens,New York,36081,1534,1534
01-07-2021,Staten Island,New York,36085,451,451
11-08-2020,Bronx,New York,36005,107,107
11-08-2020,Brooklyn,New York,36047,224,224
11-08-2020,Manhattan,New York,36061,133,133
11-08-2020,Queens,New York,36081,225,225
11-08-2020,Staten Island,New York,36085,99,99
10-27-2020,Bronx,New York,36005,119,119
10-27-2020,Brooklyn,New York,36047,236,236
10-27-2020,Manhattan,New York,36061,125,125
10-27-2020,Queens,New York,36081,180,180
10-27-2020,Staten Island,New York,36085,76,76
01-10-2021,Bronx,New York,36005,446,446
01-10-2021,Brooklyn,New York,36047,977,977
01-10-2021,Manhattan,New York,36061,348,348
01-10-2021,Queens,New York,36081,982,982
01-10-2021,Staten Island,New York,36085,337,337
03-20-2020,Bronx,New York,36005,723,723
03-20-2020,Brooklyn,New York,36047,1137,1137
03-20-2020,Manhattan,New York,36061,653,653
03-20-2020,Queens,New York,36081,1184,1184
03-20-2020,Staten Island,New York,36085,310,310
11-21-2020,Bronx,New York,36005,254,254
11-21-2020,Brooklyn,New York,36047,350,350
11-21-2020,Manhattan,New York,36061,193,193
11-21-2020,Queens,New York,36081,326,326
11-21-2020,Staten Island,New York,36085,161,161
10-29-2020,Bronx,New York,36005,100,100
10-29-2020,Brooklyn,New York,36047,191,191
10-29-2020,Manhattan,New York,36061,115,115
10-29-2020,Queens,New York,36081,156,156
10-29-2020,Staten Island,New York,36085,55,55
09-28-2020,Bronx,New York,36005,82,82
09-28-2020,Brooklyn,New York,36047,139,139
09-28-2020,Manhattan,New York,36061,58,58
09-28-2020,Queens,New York,36081,109,109
09-28-2020,Staten Island,New York,36085,46,46
08-23-2020,Bronx,New York,36005,32,32
08-23-2020,Brooklyn,New York,36047,55,55
08-23-2020,Manhattan,New York,36061,16,16
08-23-2020,Queens,New York,36081,40,40
08-23-2020,Staten Island,New York,36085,7,7
12-08-2020,Bronx,New York,36005,492,492
12-08-2020,Brooklyn,New York,36047,919,919
12-08-2020,Manhattan,New York,36061,452,452
12-08-2020,Queens,New York,36081,892,892
12-08-2020,Staten Island,New York,36085,290,290
12-23-2020,Bronx,New York,36005,628,628
12-23-2020,Brooklyn,New York,36047,1077,1077
12-23-2020,Manhattan,New York,36061,521,521
12-23-2020,Queens,New York,36081,1175,1175
12-23-2020,Staten Island,New York,36085,396,396
04-09-2020,Bronx,New York,36005,1283,1283
04-09-2020,Brooklyn,New York,36047,1369,1369
04-09-2020,Manhattan,New York,36061,560,560
04-09-2020,Queens,New York,36081,1561,1561
04-09-2020,Staten Island,New York,36085,298,298
12-06-2020,Bronx,New York,36005,248,248
12-06-2020,Brooklyn,New York,36047,551,551
12-06-2020,Manhattan,New York,36061,216,216
12-06-2020,Queens,New York,36081,514,514
12-06-2020,Staten Island,New York,36085,216,216
05-28-2020,Bronx,New York,36005,118,118
05-28-2020,Brooklyn,New York,36047,221,221
05-28-2020,Manhattan,New York,36061,99,99
05-28-2020,Queens,New York,36081,178,178
05-28-2020,Staten Island,New York,36085,30,30
08-03-2020,Bronx,New York,36005,97,97
08-03-2020,Brooklyn,New York,36047,94,94
08-03-2020,Manhattan,New York,36061,56,56
08-03-2020,Queens,New York,36081,84,84
08-03-2020,Staten Island,New York,36085,19,19
10-30-2020,Bronx,New York,36005,115,115
10-30-2020,Brooklyn,New York,36047,190,190
10-30-2020,Manhattan,New York,36061,102,102
10-30-2020,Queens,New York,36081,166,166
10-30-2020,Staten Island,New York,36085,75,75
08-22-2020,Bronx,New York,36005,29,29
08-22-2020,Brooklyn,New York,36047,36,36
08-22-2020,Manhattan,New York,36061,30,30
08-22-2020,Queens,New York,36081,34,34
08-22-2020,Staten Island,New York,36085,7,7
05-19-2020,Bronx,New York,36005,181,181
05-19-2020,Brooklyn,New York,36047,328,328
05-19-2020,Manhattan,New York,36061,167,167
05-19-2020,Queens,New York,36081,286,286
05-19-2020,Staten Island,New York,36085,42,42
09-21-2020,Bronx,New York,36005,69,69
09-21-2020,Brooklyn,New York,36047,247,247
09-21-2020,Manhattan,New York,36061,57,57
09-21-2020,Queens,New York,36081,115,115
09-21-2020,Staten Island,New York,36085,24,24
12-12-2020,Bronx,New York,36005,386,386
12-12-2020,Brooklyn,New York,36047,594,594
12-12-2020,Manhattan,New York,36061,298,298
12-12-2020,Queens,New York,36081,697,697
12-12-2020,Staten Island,New York,36085,218,218
12-22-2020,Bronx,New York,36005,723,723
12-22-2020,Brooklyn,New York,36047,1256,1256
12-22-2020,Manhattan,New York,36061,543,543
12-22-2020,Queens,New York,36081,1199,1199
12-22-2020,Staten Island,New York,36085,362,362
11-05-2020,Bronx,New York,36005,197,197
11-05-2020,Brooklyn,New York,36047,312,312
11-05-2020,Manhattan,New York,36061,212,212
11-05-2020,Queens,New York,36081,306,306
11-05-2020,Staten Island,New York,36085,110,110
05-26-2020,Bronx,New York,36005,284,284
05-26-2020,Brooklyn,New York,36047,319,319
05-26-2020,Manhattan,New York,36061,126,126
05-26-2020,Queens,New York,36081,267,267
05-26-2020,Staten Island,New York,36085,57,57
11-10-2020,Bronx,New York,36005,274,274
11-10-2020,Brooklyn,New York,36047,456,456
11-10-2020,Manhattan,New York,36061,309,309
11-10-2020,Queens,New York,36081,405,405
11-10-2020,Staten Island,New York,36085,145,145
08-09-2020,Bronx,New York,36005,20,20
08-09-2020,Brooklyn,New York,36047,48,48
08-09-2020,Manhattan,New York,36061,18,18
08-09-2020,Queens,New York,36081,36,36
08-09-2020,Staten Island,New York,36085,12,12
08-15-2020,Bronx,New York,36005,42,42
08-15-2020,Brooklyn,New York,36047,33,33
08-15-2020,Manhattan,New York,36061,25,25
08-15-2020,Queens,New York,36081,42,42
08-15-2020,Staten Island,New York,36085,9,9
10-02-2020,Bronx,New York,36005,80,80
10-02-2020,Brooklyn,New York,36047,263,263
10-02-2020,Manhattan,New York,36061,77,77
10-02-2020,Queens,New York,36081,140,140
10-02-2020,Staten Island,New York,36085,35,35
06-20-2020,Bronx,New York,36005,53,53
06-20-2020,Brooklyn,New York,36047,46,46
06-20-2020,Manhattan,New York,36061,44,44
06-20-2020,Queens,New York,36081,54,54
06-20-2020,Staten Island,New York,36085,6,6
12-15-2020,Bronx,New York,36005,633,633
12-15-2020,Brooklyn,New York,36047,1060,1060
12-15-2020,Manhattan,New York,36061,549,549
12-15-2020,Queens,New York,36081,1083,1083
12-15-2020,Staten Island,New York,36085,337,337
10-08-2020,Bronx,New York,36005,83,83
10-08-2020,Brooklyn,New York,36047,217,217
10-08-2020,Manhattan,New York,36061,79,79
10-08-2020,Queens,New York,36081,111,111
10-08-2020,Staten Island,New York,36085,33,33
01-01-2021,Bronx,New York,36005,200,200
01-01-2021,Brooklyn,New York,36047,398,398
01-01-2021,Manhattan,New York,36061,163,163
01-01-2021,Queens,New York,36081,418,418
01-01-2021,Staten Island,New York,36085,121,121
03-04-2020,Bronx,New York,36005,0,0
03-04-2020,Brooklyn,New York,36047,1,1
03-04-2020,Manhattan,New York,36061,2,2
03-04-2020,Queens,New York,36081,2,2
03-04-2020,Staten Island,New York,36085,0,0
12-04-2020,Bronx,New York,36005,552,552
12-04-2020,Brooklyn,New York,36047,759,759
12-04-2020,Manhattan,New York,36061,397,397
12-04-2020,Queens,New York,36081,751,751
12-04-2020,Staten Island,New York,36085,327,327
09-10-2020,Bronx,New York,36005,45,45
09-10-2020,Brooklyn,New York,36047,125,125
09-10-2020,Manhattan,New York,36061,57,57
09-10-2020,Queens,New York,36081,70,70
09-10-2020,Staten Island,New York,36085,27,27
09-27-2020,Bronx,New York,36005,32,32
09-27-2020,Brooklyn,New York,36047,181,181
09-27-2020,Manhattan,New York,36061,35,35
09-27-2020,Queens,New York,36081,106,106
09-27-2020,Staten Island,New York,36085,28,28
01-06-2021,Bronx,New York,36005,1083,1083
01-06-2021,Brooklyn,New York,36047,1566,1566
01-06-2021,Manhattan,New York,36061,747,747
01-06-2021,Queens,New York,36081,1646,1646
01-06-2021,Staten Island,New York,36085,522,522
08-02-2020,Bronx,New York,36005,30,30
08-02-2020,Brooklyn,New York,36047,41,41
08-02-2020,Manhattan,New York,36061,25,25
08-02-2020,Queens,New York,36081,33,33
08-02-2020,Staten Island,New York,36085,8,8
09-14-2020,Bronx,New York,36005,75,75
09-14-2020,Brooklyn,New York,36047,167,167
09-14-2020,Manhattan,New York,36061,68,68
09-14-2020,Queens,New York,36081,97,97
09-14-2020,Staten Island,New York,36085,26,26
05-17-2020,Bronx,New York,36005,56,56
05-17-2020,Brooklyn,New York,36047,137,137
05-17-2020,Manhattan,New York,36061,50,50
05-17-2020,Queens,New York,36081,106,106
05-17-2020,Staten Island,New York,36085,10,10
01-13-2021,Bronx,New York,36005,988,988
01-13-2021,Brooklyn,New York,36047,1465,1465
01-13-2021,Manhattan,New York,36061,666,666
01-13-2021,Queens,New York,36081,1440,1440
01-13-2021,Staten Island,New York,36085,375,375
10-26-2020,Bronx,New York,36005,132,132
10-26-2020,Brooklyn,New York,36047,220,220
10-26-2020,Manhattan,New York,36061,118,118
10-26-2020,Queens,New York,36081,153,153
10-26-2020,Staten Island,New York,36085,69,69
07-30-2020,Bronx,New York,36005,58,58
07-30-2020,Brooklyn,New York,36047,98,98
07-30-2020,Manhattan,New York,36061,44,44
07-30-2020,Queens,New York,36081,61,61
07-30-2020,Staten Island,New York,36085,12,12
03-02-2020,Bronx,New York,36005,0,0
03-02-2020,Brooklyn,New York,36047,0,0
03-02-2020,Manhattan,New York,36061,0,0
03-02-2020,Queens,New York,36081,0,0
03-02-2020,Staten Island,New York,36085,0,0
10-21-2020,Bronx,New York,36005,96,96
10-21-2020,Brooklyn,New York,36047,201,201
10-21-2020,Manhattan,New York,36061,117,117
10-21-2020,Queens,New York,36081,187,187
10-21-2020,Staten Island,New York,36085,49,49
11-23-2020,Bronx,New York,36005,437,437
11-23-2020,Brooklyn,New York,36047,571,571
11-23-2020,Manhattan,New York,36061,412,412
11-23-2020,Queens,New York,36081,600,600
11-23-2020,Staten Island,New York,36085,289,289
05-29-2020,Bronx,New York,36005,166,166
05-29-2020,Brooklyn,New York,36047,167,167
05-29-2020,Manhattan,New York,36061,73,73
05-29-2020,Queens,New York,36081,211,211
05-29-2020,Staten Island,New York,36085,27,27
05-30-2020,Bronx,New York,36005,80,80
05-30-2020,Brooklyn,New York,36047,105,105
05-30-2020,Manhattan,New York,36061,38,38
05-30-2020,Queens,New York,36081,109,109
05-30-2020,Staten Island,New York,36085,16,16
08-12-2020,Bronx,New York,36005,59,59
08-12-2020,Brooklyn,New York,36047,114,114
08-12-2020,Manhattan,New York,36061,43,43
08-12-2020,Queens,New York,36081,86,86
08-12-2020,Staten Island,New York,36085,18,18
07-12-2020,Bronx,New York,36005,44,44
07-12-2020,Brooklyn,New York,36047,55,55
07-12-2020,Manhattan,New York,36061,42,42
07-12-2020,Queens,New York,36081,70,70
07-12-2020,Staten Island,New York,36085,13,13
08-16-2020,Bronx,New York,36005,23,23
08-16-2020,Brooklyn,New York,36047,49,49
08-16-2020,Manhattan,New York,36061,22,22
08-16-2020,Queens,New York,36081,39,39
08-16-2020,Staten Island,New York,36085,7,7
09-11-2020,Bronx,New York,36005,55,55
09-11-2020,Brooklyn,New York,36047,110,110
09-11-2020,Manhattan,New York,36061,54,54
09-11-2020,Queens,New York,36081,77,77
09-11-2020,Staten Island,New York,36085,16,16
07-23-2020,Bronx,New York,36005,69,69
07-23-2020,Brooklyn,New York,36047,84,84
07-23-2020,Manhattan,New York,36061,65,65
07-23-2020,Queens,New York,36081,63,63
07-23-2020,Staten Island,New York,36085,27,27
03-15-2020,Bronx,New York,36005,119,119
03-15-2020,Brooklyn,New York,36047,433,433
03-15-2020,Manhattan,New York,36061,206,206
03-15-2020,Queens,New York,36081,230,230
03-15-2020,Staten Island,New York,36085,47,47
03-03-2020,Bronx,New York,36005,0,0
03-03-2020,Brooklyn,New York,36047,1,1
03-03-2020,Manhattan,New York,36061,0,0
03-03-2020,Queens,New York,36081,1,1
03-03-2020,Staten Island,New York,36085,0,0
06-06-2020,Bronx,New York,36005,50,50
06-06-2020,Brooklyn,New York,36047,59,59
06-06-2020,Manhattan,New York,36061,33,33
06-06-2020,Queens,New York,36081,98,98
06-06-2020,Staten Island,New York,36085,7,7
01-11-2021,Bronx,New York,36005,1095,1095
01-11-2021,Brooklyn,New York,36047,1692,1692
01-11-2021,Manhattan,New York,36061,819,819
01-11-2021,Queens,New York,36081,1628,1628
01-11-2021,Staten Island,New York,36085,454,454
08-04-2020,Bronx,New York,36005,47,47
08-04-2020,Brooklyn,New York,36047,49,49
08-04-2020,Manhattan,New York,36061,38,38
08-04-2020,Queens,New York,36081,46,46
08-04-2020,Staten Island,New York,36085,7,7
07-14-2020,Bronx,New York,36005,70,70
07-14-2020,Brooklyn,New York,36047,111,111
07-14-2020,Manhattan,New York,36061,80,80
07-14-2020,Queens,New York,36081,122,122
07-14-2020,Staten Island,New York,36085,19,19
10-17-2020,Bronx,New York,36005,64,64
10-17-2020,Brooklyn,New York,36047,91,91
10-17-2020,Manhattan,New York,36061,61,61
10-17-2020,Queens,New York,36081,110,110
10-17-2020,Staten Island,New York,36085,39,39
06-04-2020,Bronx,New York,36005,127,127
06-04-2020,Brooklyn,New York,36047,130,130
06-04-2020,Manhattan,New York,36061,88,88
06-04-2020,Queens,New York,36081,148,148
06-04-2020,Staten Island,New York,36085,30,30
07-13-2020,Bronx,New York,36005,108,108
07-13-2020,Brooklyn,New York,36047,123,123
07-13-2020,Manhattan,New York,36061,79,79
07-13-2020,Queens,New York,36081,138,138
07-13-2020,Staten Island,New York,36085,35,35
04-17-2020,Bronx,New York,36005,917,917
04-17-2020,Brooklyn,New York,36047,959,959
04-17-2020,Manhattan,New York,36061,330,330
04-17-2020,Queens,New York,36081,1098,1098
04-17-2020,Staten Island,New York,36085,280,280
04-28-2020,Bronx,New York,36005,669,669
04-28-2020,Brooklyn,New York,36047,711,711
04-28-2020,Manhattan,New York,36061,322,322
04-28-2020,Queens,New York,36081,896,896
04-28-2020,Staten Island,New York,36085,130,130
08-10-2020,Bronx,New York,36005,89,89
08-10-2020,Brooklyn,New York,36047,74,74
08-10-2020,Manhattan,New York,36061,49,49
08-10-2020,Queens,New York,36081,76,76
08-10-2020,Staten Island,New York,36085,22,22
03-12-2020,Bronx,New York,36005,29,29
03-12-2020,Brooklyn,New York,36047,96,96
03-12-2020,Manhattan,New York,36061,137,137
03-12-2020,Queens,New York,36081,80,80
03-12-2020,Staten Island,New York,36085,13,13
04-03-2020,Bronx,New York,36005,1450,1450
04-03-2020,Brooklyn,New York,36047,1441,1441
04-03-2020,Manhattan,New York,36061,671,671
04-03-2020,Queens,New York,36081,1762,1762
04-03-2020,Staten Island,New York,36085,345,345
08-30-2020,Bronx,New York,36005,20,20
08-30-2020,Brooklyn,New York,36047,60,60
08-30-2020,Manhattan,New York,36061,36,36
08-30-2020,Queens,New York,36081,42,42
08-30-2020,Staten Island,New York,36085,25,25
12-19-2020,Bronx,New York,36005,400,400
12-19-2020,Brooklyn,New York,36047,764,764
12-19-2020,Manhattan,New York,36061,334,334
12-19-2020,Queens,New York,36081,795,795
12-19-2020,Staten Island,New York,36085,260,260
11-29-2020,Bronx,New York,36005,229,229
11-29-2020,Brooklyn,New York,36047,500,500
11-29-2020,Manhattan,New York,36061,232,232
11-29-2020,Queens,New York,36081,481,481
11-29-2020,Staten Island,New York,36085,278,278
12-30-2020,Bronx,New York,36005,940,940
12-30-2020,Brooklyn,New York,36047,1383,1383
12-30-2020,Manhattan,New York,36061,650,650
12-30-2020,Queens,New York,36081,1477,1477
12-30-2020,Staten Island,New York,36085,463,463
09-30-2020,Bronx,New York,36005,53,53
09-30-2020,Brooklyn,New York,36047,270,270
09-30-2020,Manhattan,New York,36061,87,87
09-30-2020,Queens,New York,36081,134,134
09-30-2020,Staten Island,New York,36085,40,40
10-22-2020,Bronx,New York,36005,122,122
10-22-2020,Brooklyn,New York,36047,242,242
10-22-2020,Manhattan,New York,36061,134,134
10-22-2020,Queens,New York,36081,175,175
10-22-2020,Staten Island,New York,36085,76,76
12-27-2020,Bronx,New York,36005,477,477
12-27-2020,Brooklyn,New York,36047,901,901
12-27-2020,Manhattan,New York,36061,310,310
12-27-2020,Queens,New York,36081,867,867
12-27-2020,Staten Island,New York,36085,310,310
10-31-2020,Bronx,New York,36005,65,65
10-31-2020,Brooklyn,New York,36047,118,118
10-31-2020,Manhattan,New York,36061,52,52
10-31-2020,Queens,New York,36081,117,117
10-31-2020,Staten Island,New York,36085,52,52
05-04-2020,Bronx,New York,36005,348,348
05-04-2020,Brooklyn,New York,36047,462,462
05-04-2020,Manhattan,New York,36061,214,214
05-04-2020,Queens,New York,36081,437,437
05-04-2020,Staten Island,New York,36085,89,89
07-10-2020,Bronx,New York,36005,65,65
07-10-2020,Brooklyn,New York,36047,90,90
07-10-2020,Manhattan,New York,36061,49,49
07-10-2020,Queens,New York,36081,90,90
07-10-2020,Staten Island,New York,36085,13,13
10-15-2020,Bronx,New York,36005,91,91
10-15-2020,Brooklyn,New York,36047,236,236
10-15-2020,Manhattan,New York,36061,91,91
10-15-2020,Queens,New York,36081,143,143
10-15-2020,Staten Island,New York,36085,40,40
06-22-2020,Bronx,New York,36005,92,92
06-22-2020,Brooklyn,New York,36047,110,110
06-22-2020,Manhattan,New York,36061,62,62
06-22-2020,Queens,New York,36081,119,119
06-22-2020,Staten Island,New York,36085,18,18
11-07-2020,Bronx,New York,36005,134,134
11-07-2020,Brooklyn,New York,36047,222,222
11-07-2020,Manhattan,New York,36061,146,146
11-07-2020,Queens,New York,36081,249,249
11-07-2020,Staten Island,New York,36085,88,88
01-18-2021,Bronx,New York,36005,718,718
01-18-2021,Brooklyn,New York,36047,1382,1382
01-18-2021,Manhattan,New York,36061,550,550
01-18-2021,Queens,New York,36081,1339,1339
01-18-2021,Staten Island,New York,36085,366,366
10-03-2020,Bronx,New York,36005,34,34
10-03-2020,Brooklyn,New York,36047,81,81
10-03-2020,Manhattan,New York,36061,47,47
10-03-2020,Queens,New York,36081,97,97
10-03-2020,Staten Island,New York,36085,17,17
05-16-2020,Bronx,New York,36005,108,108
05-16-2020,Brooklyn,New York,36047,165,165
05-16-2020,Manhattan,New York,36061,51,51
05-16-2020,Queens,New York,36081,136,136
05-16-2020,Staten Island,New York,36085,25,25
10-01-2020,Bronx,New York,36005,76,76
10-01-2020,Brooklyn,New York,36047,292,292
10-01-2020,Manhattan,New York,36061,87,87
10-01-2020,Queens,New York,36081,134,134
10-01-2020,Staten Island,New York,36085,25,25
05-05-2020,Bronx,New York,36005,294,294
05-05-2020,Brooklyn,New York,36047,433,433
05-05-2020,Manhattan,New York,36061,244,244
05-05-2020,Queens,New York,36081,462,462
05-05-2020,Staten Island,New York,36085,79,79
08-05-2020,Bronx,New York,36005,66,66
08-05-2020,Brooklyn,New York,36047,90,90
08-05-2020,Manhattan,New York,36061,47,47
08-05-2020,Queens,New York,36081,80,80
08-05-2020,Staten Island,New York,36085,15,15
11-09-2020,Bronx,New York,36005,241,241
11-09-2020,Brooklyn,New York,36047,415,415
11-09-2020,Manhattan,New York,36061,267,267
11-09-2020,Queens,New York,36081,414,414
11-09-2020,Staten Island,New York,36085,203,203
date_of_interest,Bronx,New York,36005,BX_CASE_COUNT,BX_CASE_COUNT
date_of_interest,Brooklyn,New York,36047,BK_CASE_COUNT,BK_CASE_COUNT
date_of_interest,Manhattan,New York,36061,MN_CASE_COUNT,MN_CASE_COUNT
date_of_interest,Queens,New York,36081,QN_CASE_COUNT,QN_CASE_COUNT
date_of_interest,Staten Island,New York,36085,SI_CASE_COUNT,SI_CASE_COUNT
03-14-2020,Bronx,New York,36005,86,86
03-14-2020,Brooklyn,New York,36047,163,163
03-14-2020,Manhattan,New York,36061,176,176
03-14-2020,Queens,New York,36081,194,194
03-14-2020,Staten Island,New York,36085,23,23
01-14-2021,Bronx,New York,36005,938,938
01-14-2021,Brooklyn,New York,36047,1464,1464
01-14-2021,Manhattan,New York,36061,702,702
01-14-2021,Queens,New York,36081,1419,1419
01-14-2021,Staten Island,New York,36085,397,397
12-18-2020,Bronx,New York,36005,618,618
12-18-2020,Brooklyn,New York,36047,1023,1023
12-18-2020,Manhattan,New York,36061,526,526
12-18-2020,Queens,New York,36081,922,922
12-18-2020,Staten Island,New York,36085,336,336
06-01-2020,Bronx,New York,36005,158,158
06-01-2020,Brooklyn,New York,36047,252,252
06-01-2020,Manhattan,New York,36061,77,77
06-01-2020,Queens,New York,36081,157,157
06-01-2020,Staten Island,New York,36085,42,42
10-16-2020,Bronx,New York,36005,78,78
10-16-2020,Brooklyn,New York,36047,163,163
10-16-2020,Manhattan,New York,36061,91,91
10-16-2020,Queens,New York,36081,132,132
10-16-2020,Staten Island,New York,36085,37,37
04-23-2020,Bronx,New York,36005,734,734
04-23-2020,Brooklyn,New York,36047,786,786
04-23-2020,Manhattan,New York,36061,401,401
04-23-2020,Queens,New York,36081,792,792
04-23-2020,Staten Island,New York,36085,128,128
05-07-2020,Bronx,New York,36005,298,298
05-07-2020,Brooklyn,New York,36047,403,403
05-07-2020,Manhattan,New York,36061,118,118
05-07-2020,Queens,New York,36081,358,358
05-07-2020,Staten Island,New York,36085,60,60
12-21-2020,Bronx,New York,36005,710,710
12-21-2020,Brooklyn,New York,36047,1305,1305
12-21-2020,Manhattan,New York,36061,593,593
12-21-2020,Queens,New York,36081,1289,1289
12-21-2020,Staten Island,New York,36085,427,427
01-15-2021,Bronx,New York,36005,876,876
01-15-2021,Brooklyn,New York,36047,1312,1312
01-15-2021,Manhattan,New York,36061,622,622
01-15-2021,Queens,New York,36081,1383,1383
01-15-2021,Staten Island,New York,36085,347,347
12-11-2020,Bronx,New York,36005,496,496
12-11-2020,Brooklyn,New York,36047,832,832
12-11-2020,Manhattan,New York,36061,495,495
12-11-2020,Queens,New York,36081,878,878
12-11-2020,Staten Island,New York,36085,265,265
04-18-2020,Bronx,New York,36005,552,552
04-18-2020,Brooklyn,New York,36047,575,575
04-18-2020,Manhattan,New York,36061,187,187
04-18-2020,Queens,New York,36081,705,705
04-18-2020,Staten Island,New York,36085,153,153
03-27-2020,Bronx,New York,36005,1090,1090
03-27-2020,Brooklyn,New York,36047,1423,1423
03-27-2020,Manhattan,New York,36061,656,656
03-27-2020,Queens,New York,36081,1576,1576
03-27-2020,Staten Island,New York,36085,371,371
06-05-2020,Bronx,New York,36005,108,108
06-05-2020,Brooklyn,New York,36047,132,132
06-05-2020,Manhattan,New York,36061,53,53
06-05-2020,Queens,New York,36081,103,103
06-05-2020,Staten Island,New York,36085,8,8
04-25-2020,Bronx,New York,36005,417,417
04-25-2020,Brooklyn,New York,36047,405,405
04-25-2020,Manhattan,New York,36061,146,146
04-25-2020,Queens,New York,36081,540,540
04-25-2020,Staten Island,New York,36085,88,88
12-31-2020,Bronx,New York,36005,653,653
12-31-2020,Brooklyn,New York,36047,928,928
12-31-2020,Manhattan,New York,36061,384,384
12-31-2020,Queens,New York,36081,1006,1006
12-31-2020,Staten Island,New York,36085,384,384
11-02-2020,Bronx,New York,36005,158,158
11-02-2020,Brooklyn,New York,36047,336,336
11-02-2020,Manhattan,New York,36061,144,144
11-02-2020,Queens,New York,36081,220,220
11-02-2020,Staten Island,New York,36085,93,93
10-25-2020,Bronx,New York,36005,66,66
10-25-2020,Brooklyn,New York,36047,129,129
10-25-2020,Manhattan,New York,36061,48,48
10-25-2020,Queens,New York,36081,86,86
10-25-2020,Staten Island,New York,36085,32,32
05-11-2020,Bronx,New York,36005,226,226
05-11-2020,Brooklyn,New York,36047,410,410
05-11-2020,Manhattan,New York,36061,192,192
05-11-2020,Queens,New York,36081,376,376
05-11-2020,Staten Island,New York,36085,27,27
07-20-2020,Bronx,New York,36005,95,95
07-20-2020,Brooklyn,New York,36047,85,85
07-20-2020,Manhattan,New York,36061,80,80
07-20-2020,Queens,New York,36081,109,109
07-20-2020,Staten Island,New York,36085,32,32
12-25-2020,Bronx,New York,36005,155,155
12-25-2020,Brooklyn,New York,36047,341,341
12-25-2020,Manhattan,New York,36061,156,156
12-25-2020,Queens,New York,36081,295,295
12-25-2020,Staten Island,New York,36085,96,96
07-05-2020,Bronx,New York,36005,19,19
07-05-2020,Brooklyn,New York,36047,53,53
07-05-2020,Manhattan,New York,36061,32,32
07-05-2020,Queens,New York,36081,38,38
07-05-2020,Staten Island,New York,36085,12,12
01-16-2021,Bronx,New York,36005,589,589
01-16-2021,Brooklyn,New York,36047,1026,1026
01-16-2021,Manhattan,New York,36061,421,421
01-16-2021,Queens,New York,36081,990,990
01-16-2021,Staten Island,New York,36085,292,292
07-28-2020,Bronx,New York,36005,58,58
07-28-2020,Brooklyn,New York,36047,106,106
07-28-2020,Manhattan,New York,36061,58,58
07-28-2020,Queens,New York,36081,73,73
07-28-2020,Staten Island,New York,36085,18,18
09-22-2020,Bronx,New York,36005,59,59
09-22-2020,Brooklyn,New York,36047,170,170
09-22-2020,Manhattan,New York,36061,51,51
09-22-2020,Queens,New York,36081,99,99
09-22-2020,Staten Island,New York,36085,25,25
07-11-2020,Bronx,New York,36005,40,40
07-11-2020,Brooklyn,New York,36047,73,73
07-11-2020,Manhattan,New York,36061,47,47
07-11-2020,Queens,New York,36081,86,86
07-11-2020,Staten Island,New York,36085,13,13
12-28-2020,Bronx,New York,36005,1001,1001
12-28-2020,Brooklyn,New York,36047,1575,1575
12-28-2020,Manhattan,New York,36061,669,669
12-28-2020,Queens,New York,36081,1519,1519
12-28-2020,Staten Island,New York,36085,562,562
05-25-2020,Bronx,New York,36005,103,103
05-25-2020,Brooklyn,New York,36047,160,160
05-25-2020,Manhattan,New York,36061,70,70
05-25-2020,Queens,New York,36081,115,115
05-25-2020,Staten Island,New York,36085,17,17
10-24-2020,Bronx,New York,36005,72,72
10-24-2020,Brooklyn,New York,36047,119,119
10-24-2020,Manhattan,New York,36061,58,58
10-24-2020,Queens,New York,36081,103,103
10-24-2020,Staten Island,New York,36085,32,32
01-20-2021,Bronx,New York,36005,932,932
01-20-2021,Brooklyn,New York,36047,1120,1120
01-20-2021,Manhattan,New York,36061,598,598
01-20-2021,Queens,New York,36081,1209,1209
01-20-2021,Staten Island,New York,36085,296,296
05-21-2020,Bronx,New York,36005,199,199
05-21-2020,Brooklyn,New York,36047,336,336
05-21-2020,Manhattan,New York,36061,145,145
05-21-2020,Queens,New York,36081,311,311
05-21-2020,Staten Island,New York,36085,78,78
07-29-2020,Bronx,New York,36005,80,80
07-29-2020,Brooklyn,New York,36047,73,73
07-29-2020,Manhattan,New York,36061,56,56
07-29-2020,Queens,New York,36081,67,67
07-29-2020,Staten Island,New York,36085,13,13
03-05-2020,Bronx,New York,36005,0,0
03-05-2020,Brooklyn,New York,36047,3,3
03-05-2020,Manhattan,New York,36061,0,0
03-05-2020,Queens,New York,36081,0,0
03-05-2020,Staten Island,New York,36085,0,0
11-22-2020,Bronx,New York,36005,183,183
11-22-2020,Brooklyn,New York,36047,338,338
11-22-2020,Manhattan,New York,36061,160,160
11-22-2020,Queens,New York,36081,287,287
11-22-2020,Staten Island,New York,36085,178,178
10-20-2020,Bronx,New York,36005,92,92
10-20-2020,Brooklyn,New York,36047,214,214
10-20-2020,Manhattan,New York,36061,103,103
10-20-2020,Queens,New York,36081,153,153
10-20-2020,Staten Island,New York,36085,38,38
01-09-2021,Bronx,New York,36005,668,668
01-09-2021,Brooklyn,New York,36047,969,969
01-09-2021,Manhattan,New York,36061,434,434
01-09-2021,Queens,New York,36081,1141,1141
01-09-2021,Staten Island,New York,36085,366,366
08-27-2020,Bronx,New York,36005,52,52
08-27-2020,Brooklyn,New York,36047,99,99
08-27-2020,Manhattan,New York,36061,48,48
08-27-2020,Queens,New York,36081,61,61
08-27-2020,Staten Island,New York,36085,13,13
06-10-2020,Bronx,New York,36005,76,76
06-10-2020,Brooklyn,New York,36047,97,97
06-10-2020,Manhattan,New York,36061,69,69
06-10-2020,Queens,New York,36081,109,109
06-10-2020,Staten Island,New York,36085,14,14
05-24-2020,Bronx,New York,36005,101,101
05-24-2020,Brooklyn,New York,36047,161,161
05-24-2020,Manhattan,New York,36061,69,69
05-24-2020,Queens,New York,36081,121,121
05-24-2020,Staten Island,New York,36085,15,15
05-18-2020,Bronx,New York,36005,187,187
05-18-2020,Brooklyn,New York,36047,266,266
05-18-2020,Manhattan,New York,36061,131,131
05-18-2020,Queens,New York,36081,273,273
05-18-2020,Staten Island,New York,36085,38,38
11-12-2020,Bronx,New York,36005,247,247
11-12-2020,Brooklyn,New York,36047,383,383
11-12-2020,Manhattan,New York,36061,300,300
11-12-2020,Queens,New York,36081,409,409
11-12-2020,Staten Island,New York,36085,162,162
11-27-2020,Bronx,New York,36005,385,385
11-27-2020,Brooklyn,New York,36047,603,603
11-27-2020,Manhattan,New York,36061,382,382
11-27-2020,Queens,New York,36081,646,646
11-27-2020,Staten Island,New York,36085,272,272
08-24-2020,Bronx,New York,36005,64,64
08-24-2020,Brooklyn,New York,36047,85,85
08-24-2020,Manhattan,New York,36061,50,50
08-24-2020,Queens,New York,36081,84,84
08-24-2020,Staten Island,New York,36085,15,15
08-11-2020,Bronx,New York,36005,70,70
08-11-2020,Brooklyn,New York,36047,82,82
08-11-2020,Manhattan,New York,36061,42,42
08-11-2020,Queens,New York,36081,51,51
08-11-2020,Staten Island,New York,36085,18,18
12-13-2020,Bronx,New York,36005,311,311
12-13-2020,Brooklyn,New York,36047,646,646
12-13-2020,Manhattan,New York,36061,292,292
12-13-2020,Queens,New York,36081,668,668
12-13-2020,Staten Island,New York,36085,248,248
01-05-2021,Bronx,New York,36005,1140,1140
01-05-2021,Brooklyn,New York,36047,1723,1723
01-05-2021,Manhattan,New York,36061,868,868
01-05-2021,Queens,New York,36081,1793,1793
01-05-2021,Staten Island,New York,36085,511,511
08-08-2020,Bronx,New York,36005,30,30
08-08-2020,Brooklyn,New York,36047,58,58
08-08-2020,Manhattan,New York,36061,23,23
08-08-2020,Queens,New York,36081,43,43
08-08-2020,Staten Island,New York,36085,7,7
04-27-2020,Bronx,New York,36005,550,550
04-27-2020,Brooklyn,New York,36047,608,608
04-27-2020,Manhattan,New York,36061,303,303
04-27-2020,Queens,New York,36081,721,721
04-27-2020,Staten Island,New York,36085,106,106
11-19-2020,Bronx,New York,36005,362,362
11-19-2020,Brooklyn,New York,36047,489,489
11-19-2020,Manhattan,New York,36061,351,351
11-19-2020,Queens,New York,36081,456,456
11-19-2020,Staten Island,New York,36085,200,200
09-01-2020,Bronx,New York,36005,52,52
09-01-2020,Brooklyn,New York,36047,91,91
09-01-2020,Manhattan,New York,36061,55,55
09-01-2020,Queens,New York,36081,73,73
09-01-2020,Staten Island,New York,36085,24,24
07-04-2020,Bronx,New York,36005,21,21
07-04-2020,Brooklyn,New York,36047,23,23
07-04-2020,Manhattan,New York,36061,32,32
07-04-2020,Queens,New York,36081,32,32
07-04-2020,Staten Island,New York,36085,12,12
10-04-2020,Bronx,New York,36005,34,34
10-04-2020,Brooklyn,New York,36047,162,162
10-04-2020,Manhattan,New York,36061,29,29
10-04-2020,Queens,New York,36081,84,84
10-04-2020,Staten Island,New York,36085,26,26
08-07-2020,Bronx,New York,36005,54,54
08-07-2020,Brooklyn,New York,36047,90,90
08-07-2020,Manhattan,New York,36061,50,50
08-07-2020,Queens,New York,36081,57,57
08-07-2020,Staten Island,New York,36085,6,6
09-18-2020,Bronx,New York,36005,45,45
09-18-2020,Brooklyn,New York,36047,103,103
09-18-2020,Manhattan,New York,36061,44,44
09-18-2020,Queens,New York,36081,66,66
09-18-2020,Staten Island,New York,36085,24,24
04-29-2020,Bronx,New York,36005,557,557
04-29-2020,Brooklyn,New York,36047,681,681
04-29-2020,Manhattan,New York,36061,287,287
04-29-2020,Queens,New York,36081,692,692
04-29-2020,Staten Island,New York,36085,124,124
12-01-2020,Bronx,New York,36005,578,578
12-01-2020,Brooklyn,New York,36047,880,880
12-01-2020,Manhattan,New York,36061,480,480
12-01-2020,Queens,New York,36081,841,841
12-01-2020,Staten Island,New York,36085,359,359
09-26-2020,Bronx,New York,36005,42,42
09-26-2020,Brooklyn,New York,36047,107,107
09-26-2020,Manhattan,New York,36061,35,35
09-26-2020,Queens,New York,36081,61,61
09-26-2020,Staten Island,New York,36085,33,33
04-21-2020,Bronx,New York,36005,641,641
04-21-2020,Brooklyn,New York,36047,896,896
04-21-2020,Manhattan,New York,36061,373,373
04-21-2020,Queens,New York,36081,937,937
04-21-2020,Staten Island,New York,36085,216,216
01-17-2021,Bronx,New York,36005,469,469
01-17-2021,Brooklyn,New York,36047,860,860
01-17-2021,Manhattan,New York,36061,366,366
01-17-2021,Queens,New York,36081,819,819
01-17-2021,Staten Island,New York,36085,237,237
03-26-2020,Bronx,New York,36005,998,998
03-26-2020,Brooklyn,New York,36047,1375,1375
03-26-2020,Manhattan,New York,36061,628,628
03-26-2020,Queens,New York,36081,1642,1642
03-26-2020,Staten Island,New York,36085,404,404
12-10-2020,Bronx,New York,36005,567,567
12-10-2020,Brooklyn,New York,36047,938,938
12-10-2020,Manhattan,New York,36061,461,461
12-10-2020,Queens,New York,36081,893,893
12-10-2020,Staten Island,New York,36085,277,277
05-09-2020,Bronx,New York,36005,175,175
05-09-2020,Brooklyn,New York,36047,119,119
05-09-2020,Manhattan,New York,36061,75,75
05-09-2020,Queens,New York,36081,256,256
05-09-2020,Staten Island,New York,36085,32,32
02-29-2020,Bronx,New York,36005,0,0
02-29-2020,Brooklyn,New York,36047,0,0
02-29-2020,Manhattan,New York,36061,1,1
02-29-2020,Queens,New York,36081,0,0
02-29-2020,Staten Island,New York,36085,0,0
06-11-2020,Bronx,New York,36005,65,65
06-11-2020,Brooklyn,New York,36047,113,113
06-11-2020,Manhattan,New York,36061,54,54
06-11-2020,Queens,New York,36081,117,117
06-11-2020,Staten Island,New York,36085,16,16
06-08-2020,Bronx,New York,36005,97,97
06-08-2020,Brooklyn,New York,36047,112,112
06-08-2020,Manhattan,New York,36061,75,75
06-08-2020,Queens,New York,36081,147,147
06-08-2020,Staten Island,New York,36085,19,19
06-25-2020,Bronx,New York,36005,64,64
06-25-2020,Brooklyn,New York,36047,82,82
06-25-2020,Manhattan,New York,36061,46,46
06-25-2020,Queens,New York,36081,79,79
06-25-2020,Staten Island,New York,36085,28,28
04-04-2020,Bronx,New York,36005,1011,1011
04-04-2020,Brooklyn,New York,36047,922,922
04-04-2020,Manhattan,New York,36061,385,385
04-04-2020,Queens,New York,36081,1200,1200
04-04-2020,Staten Island,New York,36085,345,345
07-19-2020,Bronx,New York,36005,38,38
07-19-2020,Brooklyn,New York,36047,40,40
07-19-2020,Manhattan,New York,36061,34,34
07-19-2020,Queens,New York,36081,46,46
07-19-2020,Staten Island,New York,36085,17,17
03-11-2020,Bronx,New York,36005,19,19
03-11-2020,Brooklyn,New York,36047,31,31
03-11-2020,Manhattan,New York,36061,62,62
03-11-2020,Queens,New York,36081,40,40
03-11-2020,Staten Island,New York,36085,3,3
06-14-2020,Bronx,New York,36005,27,27
06-14-2020,Brooklyn,New York,36047,53,53
06-14-2020,Manhattan,New York,36061,28,28
06-14-2020,Queens,New York,36081,68,68
06-14-2020,Staten Island,New York,36085,4,4
04-26-2020,Bronx,New York,36005,196,196
04-26-2020,Brooklyn,New York,36047,332,332
04-26-2020,Manhattan,New York,36061,98,98
04-26-2020,Queens,New York,36081,331,331
04-26-2020,Staten Island,New York,36085,46,46
04-19-2020,Bronx,New York,36005,532,532
04-19-2020,Brooklyn,New York,36047,635,635
04-19-2020,Manhattan,New York,36061,177,177
04-19-2020,Queens,New York,36081,868,868
04-19-2020,Staten Island,New York,36085,134,134
06-29-2020,Bronx,New York,36005,75,75
06-29-2020,Brooklyn,New York,36047,127,127
06-29-2020,Manhattan,New York,36061,80,80
06-29-2020,Queens,New York,36081,133,133
06-29-2020,Staten Island,New York,36085,23,23
07-27-2020,Bronx,New York,36005,58,58
07-27-2020,Brooklyn,New York,36047,79,79
07-27-2020,Manhattan,New York,36061,73,73
07-27-2020,Queens,New York,36081,78,78
07-27-2020,Staten Island,New York,36085,26,26
06-23-2020,Bronx,New York,36005,73,73
06-23-2020,Brooklyn,New York,36047,95,95
06-23-2020,Manhattan,New York,36061,77,77
06-23-2020,Queens,New York,36081,121,121
06-23-2020,Staten Island,New York,36085,16,16
11-13-2020,Bronx,New York,36005,269,269
11-13-2020,Brooklyn,New York,36047,357,357
11-13-2020,Manhattan,New York,36061,264,264
11-13-2020,Queens,New York,36081,428,428
11-13-2020,Staten Island,New York,36085,173,173
04-01-2020,Bronx,New York,36005,1240,1240
04-01-2020,Brooklyn,New York,36047,1589,1589
04-01-2020,Manhattan,New York,36061,573,573
04-01-2020,Queens,New York,36081,1784,1784
04-01-2020,Staten Island,New York,36085,263,263
11-28-2020,Bronx,New York,36005,330,330
11-28-2020,Brooklyn,New York,36047,442,442
11-28-2020,Manhattan,New York,36061,294,294
11-28-2020,Queens,New York,36081,500,500
11-28-2020,Staten Island,New York,36085,215,215
03-28-2020,Bronx,New York,36005,762,762
03-28-2020,Brooklyn,New York,36047,864,864
03-28-2020,Manhattan,New York,36061,388,388
03-28-2020,Queens,New York,36081,1200,1200
03-28-2020,Staten Island,New York,36085,266,266
03-10-2020,Bronx,New York,36005,8,8
03-10-2020,Brooklyn,New York,36047,11,11
03-10-2020,Manhattan,New York,36061,24,24
03-10-2020,Queens,New York,36081,24,24
03-10-2020,Staten Island,New York,36085,2,2
09-15-2020,Bronx,New York,36005,54,54
09-15-2020,Brooklyn,New York,36047,149,149
09-15-2020,Manhattan,New York,36061,45,45
09-15-2020,Queens,New York,36081,72,72
09-15-2020,Staten Island,New York,36085,18,18
10-12-2020,Bronx,New York,36005,53,53
10-12-2020,Brooklyn,New York,36047,223,223
10-12-2020,Manhattan,New York,36061,86,86
10-12-2020,Queens,New York,36081,115,115
10-12-2020,Staten Island,New York,36085,37,37
09-20-2020,Bronx,New York,36005,23,23
09-20-2020,Brooklyn,New York,36047,60,60
09-20-2020,Manhattan,New York,36061,25,25
09-20-2020,Queens,New York,36081,28,28
09-20-2020,Staten Island,New York,36085,21,21
01-04-2021,Bronx,New York,36005,1229,1229
01-04-2021,Brooklyn,New York,36047,1867,1867
01-04-2021,Manhattan,New York,36061,891,891
01-04-2021,Queens,New York,36081,1824,1824
01-04-2021,Staten Island,New York,36085,642,642
06-30-2020,Bronx,New York,36005,77,77
06-30-2020,Brooklyn,New York,36047,128,128
06-30-2020,Manhattan,New York,36061,94,94
06-30-2020,Queens,New York,36081,113,113
06-30-2020,Staten Island,New York,36085,29,29
07-21-2020,Bronx,New York,36005,71,71
07-21-2020,Brooklyn,New York,36047,79,79
07-21-2020,Manhattan,New York,36061,69,69
07-21-2020,Queens,New York,36081,100,100
07-21-2020,Staten Island,New York,36085,21,21
03-23-2020,Bronx,New York,36005,730,730
03-23-2020,Brooklyn,New York,36047,910,910
03-23-2020,Manhattan,New York,36061,531,531
03-23-2020,Queens,New York,36081,1190,1190
03-23-2020,Staten Island,New York,36085,209,209
05-22-2020,Bronx,New York,36005,264,264
05-22-2020,Brooklyn,New York,36047,350,350
05-22-2020,Manhattan,New York,36061,152,152
05-22-2020,Queens,New York,36081,240,240
05-22-2020,Staten Island,New York,36085,32,32
11-24-2020,Bronx,New York,36005,375,375
11-24-2020,Brooklyn,New York,36047,553,553
11-24-2020,Manhattan,New York,36061,370,370
11-24-2020,Queens,New York,36081,535,535
11-24-2020,Staten Island,New York,36085,238,238
07-26-2020,Bronx,New York,36005,30,30
07-26-2020,Brooklyn,New York,36047,40,40
07-26-2020,Manhattan,New York,36061,18,18
07-26-2020,Queens,New York,36081,33,33
07-26-2020,Staten Island,New York,36085,19,19
03-09-2020,Bronx,New York,36005,4,4
03-09-2020,Brooklyn,New York,36047,16,16
03-09-2020,Manhattan,New York,36061,24,24
03-09-2020,Queens,New York,36081,10,10
03-09-2020,Staten Island,New York,36085,3,3
12-02-2020,Bronx,New York,36005,523,523
12-02-2020,Brooklyn,New York,36047,802,802
12-02-2020,Manhattan,New York,36061,460,460
12-02-2020,Queens,New York,36081,827,827
12-02-2020,Staten Island,New York,36085,382,382
04-08-2020,Bronx,New York,36005,1305,1305
04-08-2020,Brooklyn,New York,36047,1310,1310
04-08-2020,Manhattan,New York,36061,547,547
04-08-2020,Queens,New York,36081,1855,1855
04-08-2020,Staten Island,New York,36085,562,562
09-05-2020,Bronx,New York,36005,30,30
09-05-2020,Brooklyn,New York,36047,46,46
09-05-2020,Manhattan,New York,36061,22,22
09-05-2020,Queens,New York,36081,34,34
09-05-2020,Staten Island,New York,36085,24,24
09-12-2020,Bronx,New York,36005,35,35
09-12-2020,Brooklyn,New York,36047,51,51
09-12-2020,Manhattan,New York,36061,36,36
09-12-2020,Queens,New York,36081,61,61
09-12-2020,Staten Island,New York,36085,19,19
05-02-2020,Bronx,New York,36005,263,263
05-02-2020,Brooklyn,New York,36047,263,263
05-02-2020,Manhattan,New York,36061,138,138
05-02-2020,Queens,New York,36081,333,333
05-02-2020,Staten Island,New York,36085,61,61
08-13-2020,Bronx,New York,36005,60,60
08-13-2020,Brooklyn,New York,36047,87,87
08-13-2020,Manhattan,New York,36061,51,51
08-13-2020,Queens,New York,36081,67,67
08-13-2020,Staten Island,New York,36085,12,12
10-05-2020,Bronx,New York,36005,94,94
10-05-2020,Brooklyn,New York,36047,354,354
10-05-2020,Manhattan,New York,36061,84,84
10-05-2020,Queens,New York,36081,196,196
10-05-2020,Staten Island,New York,36085,37,37
03-18-2020,Bronx,New York,36005,482,482
03-18-2020,Brooklyn,New York,36047,966,966
03-18-2020,Manhattan,New York,36061,538,538
03-18-2020,Queens,New York,36081,834,834
03-18-2020,Staten Island,New York,36085,150,150
10-18-2020,Bronx,New York,36005,45,45
10-18-2020,Brooklyn,New York,36047,170,170
10-18-2020,Manhattan,New York,36061,40,40
10-18-2020,Queens,New York,36081,124,124
10-18-2020,Staten Island,New York,36085,33,33
07-06-2020,Bronx,New York,36005,67,67
07-06-2020,Brooklyn,New York,36047,142,142
07-06-2020,Manhattan,New York,36061,77,77
07-06-2020,Queens,New York,36081,118,118
07-06-2020,Staten Island,New York,36085,28,28
04-20-2020,Bronx,New York,36005,981,981
04-20-2020,Brooklyn,New York,36047,983,983
04-20-2020,Manhattan,New York,36061,381,381
04-20-2020,Queens,New York,36081,1223,1223
04-20-2020,Staten Island,New York,36085,224,224
11-16-2020,Bronx,New York,36005,312,312
11-16-2020,Brooklyn,New York,36047,495,495
11-16-2020,Manhattan,New York,36061,329,329
11-16-2020,Queens,New York,36081,503,503
11-16-2020,Staten Island,New York,36085,184,184
